"Pipeline_ID","Stage","Time","Vulnerabilities","Severity","Status"
1,"Deployment",9,1,"Low","Completed"
2,"Deployment",9,2,"Low","Completed"
3,"Dependency Scan",8,0,"Medium","Completed"
4,"Security Testing",8,2,"Medium","Completed"
5,"Dependency Scan",2,4,"Low","Completed"
6,"Static Analysis",10,1,"Medium","Completed"
7,"Static Analysis",9,2,"Low","Completed"
8,"Security Testing",4,5,"Medium","Completed"
9,"Dependency Scan",9,0,"Low","Completed"
10,"Build",7,3,"Medium","Completed"
11,"Unit Testing",2,2,"Low","Completed"
12,"Security Testing",5,1,"Low","Completed"
13,"Security Testing",4,2,"Low","Completed"
14,"Code Commit",6,4,"Low","Completed"
15,"Static Analysis",8,2,"Low","Completed"
16,"Dependency Scan",3,4,"Low","Completed"
17,"Build",9,3,"Medium","Completed"
18,"Dependency Scan",9,2,"Low","Failed"
19,"Dependency Scan",5,5,"Low","Completed"
20,"Code Commit",9,3,"Low","Completed"
21,"Unit Testing",7,5,"Low","Completed"
22,"Code Commit",3,3,"Low","Completed"
23,"Code Commit",2,4,"Medium","Completed"
24,"Build",10,4,"High","Completed"
25,"Dependency Scan",4,1,"High","Completed"
26,"Static Analysis",6,3,"High","Completed"
27,"Deployment",6,0,"Medium","Completed"
28,"Static Analysis",10,1,"Medium","Completed"
29,"Code Commit",5,5,"High","Completed"
30,"Security Testing",4,1,"Low","Completed"
31,"Dependency Scan",4,2,"Medium","Completed"
32,"Unit Testing",7,3,"Low","Completed"
33,"Security Testing",5,1,"Low","Completed"
34,"Code Commit",8,2,"Medium","Completed"
35,"Dependency Scan",10,1,"Low","Completed"
36,"Deployment",4,4,"Low","Completed"
37,"Build",7,4,"Low","Completed"
38,"Unit Testing",6,4,"Medium","Completed"
39,"Deployment",10,3,"Low","Completed"
40,"Static Analysis",5,1,"Medium","Completed"
41,"Build",4,2,"Medium","Completed"
42,"Deployment",8,3,"Low","Completed"
43,"Code Commit",5,1,"Low","Completed"
44,"Code Commit",6,1,"Low","Completed"
45,"Static Analysis",9,4,"Medium","Completed"
46,"Deployment",8,3,"Low","Completed"
47,"Dependency Scan",9,5,"Low","Completed"
48,"Unit Testing",7,4,"Low","Completed"
49,"Build",9,1,"Low","Completed"
50,"Deployment",8,2,"Low","Completed"
51,"Build",2,0,"Low","Completed"
52,"Dependency Scan",7,2,"Low","Completed"
53,"Security Testing",7,2,"Low","Completed"
54,"Code Commit",5,4,"High","Completed"
55,"Static Analysis",10,0,"Low","Completed"
56,"Build",10,5,"Low","Completed"
57,"Build",5,2,"Low","Completed"
58,"Unit Testing",6,0,"Low","Completed"
59,"Deployment",10,4,"Medium","Completed"
60,"Build",4,3,"Low","Completed"
61,"Static Analysis",4,3,"Low","Completed"
62,"Code Commit",3,0,"Low","Completed"
63,"Code Commit",8,4,"Low","Completed"
64,"Dependency Scan",2,0,"High","Completed"
65,"Code Commit",4,2,"Low","Completed"
66,"Security Testing",8,2,"Low","Completed"
67,"Build",3,3,"Low","Completed"
68,"Deployment",10,3,"Low","Completed"
69,"Code Commit",6,2,"Low","Completed"
70,"Deployment",2,2,"Medium","Completed"
71,"Static Analysis",10,1,"Low","Completed"
72,"Unit Testing",10,2,"Low","Completed"
73,"Deployment",8,4,"Low","Completed"
74,"Unit Testing",3,0,"Low","Completed"
75,"Security Testing",9,5,"Low","Completed"
76,"Security Testing",8,4,"High","Completed"
77,"Dependency Scan",7,2,"Medium","Completed"
78,"Security Testing",8,1,"Low","Completed"
79,"Security Testing",3,4,"Medium","Completed"
80,"Deployment",3,2,"Low","Completed"
81,"Deployment",6,4,"Medium","Completed"
82,"Code Commit",8,0,"Medium","Completed"
83,"Security Testing",10,3,"Medium","Completed"
84,"Static Analysis",8,3,"Low","Completed"
85,"Code Commit",7,2,"Low","Completed"
86,"Static Analysis",5,1,"Low","Completed"
87,"Unit Testing",4,3,"Low","Completed"
88,"Build",4,0,"Medium","Completed"
89,"Build",3,3,"Medium","Completed"
90,"Security Testing",4,2,"Medium","Completed"
91,"Deployment",2,1,"Low","Completed"
92,"Dependency Scan",2,3,"Medium","Completed"
93,"Code Commit",2,4,"Low","Completed"
94,"Unit Testing",5,1,"Low","Completed"
95,"Security Testing",4,2,"Low","Completed"
96,"Code Commit",3,5,"Medium","Completed"
97,"Security Testing",8,2,"Medium","Completed"
98,"Code Commit",3,4,"Medium","Completed"
99,"Deployment",3,4,"Low","Completed"
100,"Dependency Scan",8,3,"Low","Completed"
101,"Security Testing",5,5,"Medium","Completed"
102,"Unit Testing",5,1,"Medium","Completed"
103,"Deployment",9,0,"Low","Completed"
104,"Code Commit",10,0,"Low","Completed"
105,"Security Testing",4,4,"Low","Completed"
106,"Security Testing",10,3,"Low","Completed"
107,"Dependency Scan",4,3,"Low","Completed"
108,"Security Testing",7,3,"Low","Failed"
109,"Build",6,0,"Medium","Completed"
110,"Deployment",3,0,"Low","Completed"
111,"Dependency Scan",7,5,"Low","Completed"
112,"Deployment",2,1,"Medium","Completed"
113,"Security Testing",6,2,"Medium","Completed"
114,"Static Analysis",4,0,"High","Completed"
115,"Deployment",4,3,"Low","Completed"
116,"Build",4,3,"Medium","Completed"
117,"Build",7,1,"Low","Completed"
118,"Dependency Scan",10,2,"Low","Completed"
119,"Static Analysis",4,0,"Low","Completed"
120,"Static Analysis",3,2,"Medium","Completed"
121,"Static Analysis",6,2,"Medium","Completed"
122,"Unit Testing",6,0,"Low","Completed"
123,"Static Analysis",8,3,"High","Completed"
124,"Static Analysis",3,2,"High","Completed"
125,"Security Testing",9,0,"Low","Completed"
126,"Deployment",8,3,"Low","Failed"
127,"Unit Testing",8,3,"Low","Completed"
128,"Unit Testing",9,0,"Low","Completed"
129,"Security Testing",6,4,"Medium","Completed"
130,"Code Commit",3,2,"Medium","Completed"
131,"Security Testing",4,0,"Medium","Completed"
132,"Security Testing",10,5,"Medium","Completed"
133,"Security Testing",4,4,"Low","Completed"
134,"Dependency Scan",4,0,"Low","Completed"
135,"Security Testing",6,0,"Medium","Completed"
136,"Dependency Scan",8,3,"Low","Completed"
137,"Security Testing",9,2,"Low","Completed"
138,"Deployment",5,3,"Medium","Completed"
139,"Code Commit",4,5,"Low","Completed"
140,"Deployment",8,3,"Low","Completed"
141,"Dependency Scan",9,4,"Medium","Completed"
142,"Deployment",2,5,"Low","Completed"
143,"Build",8,5,"Low","Completed"
144,"Deployment",10,2,"Medium","Completed"
145,"Deployment",4,1,"Medium","Completed"
146,"Static Analysis",7,2,"Medium","Completed"
147,"Security Testing",5,4,"Low","Completed"
148,"Security Testing",10,3,"High","Completed"
149,"Deployment",6,3,"High","Completed"
150,"Deployment",10,2,"Low","Completed"
151,"Dependency Scan",10,4,"Medium","Completed"
152,"Static Analysis",6,3,"Low","Completed"
153,"Build",7,1,"Low","Completed"
154,"Security Testing",7,3,"Low","Completed"
155,"Build",7,0,"Medium","Completed"
156,"Deployment",9,1,"Low","Completed"
157,"Dependency Scan",5,0,"Low","Completed"
158,"Unit Testing",9,0,"Medium","Completed"
159,"Unit Testing",8,4,"Low","Completed"
160,"Security Testing",8,4,"Low","Failed"
161,"Unit Testing",6,2,"High","Completed"
162,"Build",9,4,"Medium","Completed"
163,"Dependency Scan",2,5,"Low","Completed"
164,"Code Commit",8,4,"Low","Completed"
165,"Deployment",8,2,"Medium","Completed"
166,"Security Testing",6,4,"Medium","Completed"
167,"Static Analysis",2,5,"Low","Completed"
168,"Code Commit",8,0,"Low","Completed"
169,"Deployment",8,5,"Low","Completed"
170,"Static Analysis",4,1,"Low","Completed"
171,"Build",4,3,"Low","Completed"
172,"Dependency Scan",10,2,"Low","Completed"
173,"Unit Testing",2,5,"Low","Completed"
174,"Deployment",10,4,"Low","Completed"
175,"Deployment",8,2,"High","Completed"
176,"Unit Testing",7,4,"Medium","Completed"
177,"Code Commit",2,2,"Low","Completed"
178,"Security Testing",9,3,"Medium","Completed"
179,"Security Testing",6,0,"Medium","Completed"
180,"Unit Testing",10,1,"Low","Completed"
181,"Code Commit",6,3,"Low","Completed"
182,"Security Testing",4,1,"Low","Completed"
183,"Dependency Scan",2,3,"Low","Failed"
184,"Unit Testing",7,3,"Low","Completed"
185,"Dependency Scan",5,1,"Low","Completed"
186,"Build",9,5,"Low","Completed"
187,"Unit Testing",10,5,"High","Completed"
188,"Unit Testing",10,2,"Medium","Completed"
189,"Unit Testing",9,3,"Medium","Completed"
190,"Security Testing",8,1,"Medium","Completed"
191,"Code Commit",5,5,"Medium","Completed"
192,"Static Analysis",9,3,"Medium","Completed"
193,"Dependency Scan",6,2,"Medium","Completed"
194,"Unit Testing",2,5,"Medium","Completed"
195,"Dependency Scan",2,4,"Low","Completed"
196,"Code Commit",6,1,"Low","Completed"
197,"Deployment",4,5,"Medium","Completed"
198,"Security Testing",5,5,"Low","Completed"
199,"Build",4,3,"Low","Completed"
200,"Build",3,0,"Low","Completed"
201,"Static Analysis",4,3,"Low","Completed"
202,"Dependency Scan",6,4,"Low","Completed"
203,"Build",9,3,"Low","Completed"
204,"Security Testing",2,2,"Low","Completed"
205,"Security Testing",6,0,"Low","Completed"
206,"Code Commit",4,1,"High","Completed"
207,"Unit Testing",7,4,"Low","Completed"
208,"Static Analysis",3,4,"Low","Completed"
209,"Unit Testing",2,4,"Low","Completed"
210,"Build",8,4,"Low","Completed"
211,"Build",2,5,"Low","Completed"
212,"Security Testing",9,3,"Medium","Completed"
213,"Build",4,5,"Low","Completed"
214,"Deployment",3,2,"Low","Failed"
215,"Build",4,3,"Medium","Completed"
216,"Code Commit",6,2,"Low","Completed"
217,"Static Analysis",9,5,"Low","Completed"
218,"Code Commit",2,0,"Low","Completed"
219,"Static Analysis",3,3,"Medium","Completed"
220,"Build",5,3,"Medium","Completed"
221,"Build",8,3,"Low","Completed"
222,"Code Commit",6,5,"Low","Completed"
223,"Deployment",5,3,"Low","Completed"
224,"Deployment",9,2,"Low","Completed"
225,"Static Analysis",2,5,"Low","Completed"
226,"Build",6,5,"Medium","Completed"
227,"Unit Testing",8,1,"Low","Completed"
228,"Static Analysis",7,1,"Low","Completed"
229,"Deployment",2,5,"Low","Failed"
230,"Security Testing",8,2,"Low","Completed"
231,"Deployment",3,5,"Medium","Completed"
232,"Static Analysis",6,2,"Medium","Completed"
233,"Dependency Scan",4,4,"Medium","Completed"
234,"Code Commit",3,0,"Low","Completed"
235,"Code Commit",7,5,"Low","Completed"
236,"Build",3,0,"Medium","Completed"
237,"Build",4,3,"Low","Completed"
238,"Dependency Scan",4,2,"Low","Completed"
239,"Static Analysis",5,1,"Low","Completed"
240,"Build",10,3,"Low","Completed"
241,"Security Testing",6,4,"Medium","Completed"
242,"Build",3,1,"Low","Completed"
243,"Dependency Scan",10,1,"Low","Completed"
244,"Dependency Scan",2,2,"Medium","Completed"
245,"Code Commit",8,1,"Low","Completed"
246,"Unit Testing",2,2,"Medium","Completed"
247,"Static Analysis",7,5,"Low","Completed"
248,"Deployment",2,5,"Low","Completed"
249,"Code Commit",7,3,"Low","Completed"
250,"Deployment",9,3,"Medium","Completed"
251,"Static Analysis",3,0,"Medium","Completed"
252,"Unit Testing",6,3,"Low","Completed"
253,"Build",3,4,"Medium","Completed"
254,"Code Commit",6,3,"Medium","Completed"
255,"Code Commit",4,1,"Medium","Completed"
256,"Code Commit",7,5,"High","Failed"
257,"Build",7,2,"Low","Completed"
258,"Deployment",10,5,"Low","Completed"
259,"Security Testing",7,3,"Low","Completed"
260,"Security Testing",5,3,"Low","Completed"
261,"Security Testing",3,3,"Medium","Completed"
262,"Dependency Scan",8,1,"Medium","Completed"
263,"Code Commit",10,1,"Low","Completed"
264,"Static Analysis",5,5,"Low","Completed"
265,"Static Analysis",2,1,"Low","Completed"
266,"Code Commit",9,1,"Low","Completed"
267,"Static Analysis",4,2,"Medium","Completed"
268,"Code Commit",10,0,"Medium","Completed"
269,"Build",7,4,"Low","Completed"
270,"Static Analysis",4,4,"Low","Completed"
271,"Dependency Scan",4,0,"Medium","Completed"
272,"Build",5,4,"Low","Completed"
273,"Deployment",7,0,"Low","Completed"
274,"Unit Testing",3,0,"Medium","Completed"
275,"Build",8,4,"Low","Completed"
276,"Static Analysis",7,5,"Low","Completed"
277,"Code Commit",8,3,"Low","Completed"
278,"Unit Testing",5,5,"Low","Completed"
279,"Security Testing",8,5,"Medium","Completed"
280,"Static Analysis",5,1,"Medium","Completed"
281,"Security Testing",10,3,"Low","Completed"
282,"Deployment",6,0,"Low","Completed"
283,"Build",10,2,"Low","Completed"
284,"Code Commit",10,2,"Low","Completed"
285,"Build",4,2,"Low","Completed"
286,"Code Commit",2,1,"Low","Completed"
287,"Unit Testing",10,3,"Low","Completed"
288,"Dependency Scan",10,2,"Medium","Completed"
289,"Code Commit",4,5,"Low","Completed"
290,"Security Testing",5,0,"High","Completed"
291,"Code Commit",8,4,"Medium","Completed"
292,"Static Analysis",10,5,"Medium","Completed"
293,"Unit Testing",9,5,"Low","Failed"
294,"Static Analysis",4,1,"High","Completed"
295,"Code Commit",7,4,"Medium","Completed"
296,"Build",2,4,"Low","Completed"
297,"Build",10,2,"Medium","Completed"
298,"Code Commit",10,4,"High","Failed"
299,"Deployment",8,3,"Medium","Completed"
300,"Code Commit",9,4,"Medium","Failed"
301,"Build",2,2,"Medium","Completed"
302,"Build",9,5,"Low","Completed"
303,"Static Analysis",3,4,"Low","Completed"
304,"Static Analysis",9,3,"Low","Completed"
305,"Deployment",7,1,"Low","Completed"
306,"Security Testing",10,5,"High","Completed"
307,"Deployment",3,0,"High","Completed"
308,"Build",8,5,"Medium","Completed"
309,"Code Commit",8,4,"Low","Completed"
310,"Code Commit",10,4,"Low","Completed"
311,"Build",4,2,"Medium","Completed"
312,"Build",4,3,"Medium","Failed"
313,"Unit Testing",6,0,"Low","Completed"
314,"Deployment",3,1,"Low","Completed"
315,"Build",5,5,"Medium","Completed"
316,"Build",2,2,"Medium","Completed"
317,"Deployment",6,1,"Low","Completed"
318,"Deployment",9,2,"Low","Completed"
319,"Unit Testing",6,3,"Low","Completed"
320,"Static Analysis",7,1,"Low","Completed"
321,"Build",10,2,"Low","Completed"
322,"Code Commit",4,3,"Low","Completed"
323,"Code Commit",2,1,"Low","Completed"
324,"Static Analysis",10,3,"Medium","Completed"
325,"Code Commit",3,5,"Low","Completed"
326,"Static Analysis",2,1,"Low","Completed"
327,"Build",9,4,"Low","Completed"
328,"Code Commit",10,0,"Low","Completed"
329,"Deployment",3,2,"Medium","Failed"
330,"Dependency Scan",4,2,"Medium","Completed"
331,"Static Analysis",7,3,"Low","Completed"
332,"Static Analysis",2,4,"Low","Completed"
333,"Build",8,3,"Medium","Completed"
334,"Deployment",3,1,"Low","Completed"
335,"Unit Testing",6,3,"High","Completed"
336,"Code Commit",4,5,"Medium","Completed"
337,"Build",8,3,"High","Completed"
338,"Static Analysis",3,1,"Medium","Completed"
339,"Build",9,4,"Low","Completed"
340,"Security Testing",4,1,"Low","Completed"
341,"Static Analysis",5,3,"Low","Completed"
342,"Static Analysis",4,5,"Medium","Completed"
343,"Security Testing",4,4,"Low","Completed"
344,"Unit Testing",3,1,"Low","Completed"
345,"Dependency Scan",5,2,"Medium","Completed"
346,"Unit Testing",5,0,"Medium","Completed"
347,"Dependency Scan",7,1,"Medium","Completed"
348,"Dependency Scan",7,1,"Low","Completed"
349,"Dependency Scan",4,4,"Low","Completed"
350,"Build",10,0,"Medium","Completed"
351,"Deployment",6,1,"Low","Completed"
352,"Dependency Scan",6,2,"Medium","Completed"
353,"Deployment",9,3,"Low","Completed"
354,"Static Analysis",6,1,"Low","Completed"
355,"Deployment",6,1,"Medium","Completed"
356,"Deployment",4,0,"Low","Completed"
357,"Dependency Scan",8,0,"Medium","Completed"
358,"Code Commit",2,2,"Medium","Completed"
359,"Build",3,3,"Medium","Completed"
360,"Deployment",2,3,"Low","Completed"
361,"Security Testing",9,5,"Low","Completed"
362,"Deployment",2,3,"Medium","Completed"
363,"Security Testing",3,0,"Low","Completed"
364,"Code Commit",3,3,"Low","Completed"
365,"Unit Testing",7,0,"Low","Completed"
366,"Static Analysis",4,0,"Medium","Completed"
367,"Security Testing",9,5,"Medium","Completed"
368,"Static Analysis",2,5,"Low","Completed"
369,"Unit Testing",7,2,"Medium","Completed"
370,"Code Commit",9,1,"Medium","Completed"
371,"Unit Testing",2,0,"Medium","Completed"
372,"Build",5,0,"High","Completed"
373,"Build",9,1,"Low","Failed"
374,"Dependency Scan",4,4,"Low","Completed"
375,"Deployment",2,0,"High","Completed"
376,"Build",7,4,"Medium","Completed"
377,"Build",4,4,"Low","Completed"
378,"Dependency Scan",6,4,"Low","Completed"
379,"Code Commit",2,4,"High","Completed"
380,"Dependency Scan",7,2,"Low","Completed"
381,"Unit Testing",6,0,"Medium","Failed"
382,"Static Analysis",2,1,"Low","Completed"
383,"Build",9,2,"Medium","Completed"
384,"Code Commit",10,3,"Medium","Completed"
385,"Deployment",6,5,"Medium","Completed"
386,"Unit Testing",6,3,"Low","Completed"
387,"Security Testing",9,1,"Low","Completed"
388,"Dependency Scan",5,0,"Low","Completed"
389,"Security Testing",5,1,"Low","Completed"
390,"Code Commit",5,0,"Medium","Completed"
391,"Static Analysis",6,0,"Low","Completed"
392,"Deployment",5,2,"Medium","Completed"
393,"Security Testing",7,3,"Low","Completed"
394,"Dependency Scan",5,5,"Low","Completed"
395,"Dependency Scan",2,5,"Medium","Failed"
396,"Code Commit",9,0,"Low","Completed"
397,"Static Analysis",6,0,"Low","Completed"
398,"Code Commit",6,2,"Low","Completed"
399,"Security Testing",4,2,"Low","Failed"
400,"Static Analysis",2,0,"Medium","Completed"
401,"Static Analysis",3,1,"Low","Completed"
402,"Static Analysis",4,3,"Low","Completed"
403,"Build",5,4,"Low","Completed"
404,"Unit Testing",5,5,"Low","Completed"
405,"Security Testing",5,3,"Low","Completed"
406,"Unit Testing",2,4,"Medium","Completed"
407,"Build",10,3,"Low","Completed"
408,"Unit Testing",2,5,"High","Completed"
409,"Security Testing",6,1,"Medium","Completed"
410,"Code Commit",5,4,"Medium","Completed"
411,"Deployment",2,1,"Low","Completed"
412,"Static Analysis",8,5,"Low","Completed"
413,"Code Commit",10,5,"Low","Completed"
414,"Deployment",6,0,"Low","Completed"
415,"Static Analysis",10,5,"Low","Completed"
416,"Dependency Scan",7,4,"Low","Completed"
417,"Static Analysis",10,2,"Low","Completed"
418,"Deployment",4,2,"Medium","Completed"
419,"Dependency Scan",10,1,"Low","Completed"
420,"Code Commit",2,5,"Low","Completed"
421,"Unit Testing",4,3,"Low","Completed"
422,"Static Analysis",7,3,"Low","Completed"
423,"Dependency Scan",3,3,"Low","Completed"
424,"Build",2,0,"Medium","Completed"
425,"Build",6,1,"Medium","Completed"
426,"Deployment",2,3,"Low","Completed"
427,"Security Testing",7,1,"Low","Completed"
428,"Dependency Scan",7,1,"Medium","Completed"
429,"Security Testing",9,4,"Low","Completed"
430,"Security Testing",2,2,"Medium","Completed"
431,"Static Analysis",7,1,"Medium","Failed"
432,"Build",2,3,"High","Completed"
433,"Unit Testing",7,3,"Medium","Failed"
434,"Static Analysis",7,4,"Low","Completed"
435,"Code Commit",6,4,"Medium","Completed"
436,"Unit Testing",10,5,"Low","Completed"
437,"Code Commit",4,1,"Low","Completed"
438,"Unit Testing",10,0,"Low","Completed"
439,"Build",6,4,"Low","Completed"
440,"Unit Testing",8,2,"Low","Completed"
441,"Static Analysis",3,4,"Low","Completed"
442,"Static Analysis",7,5,"Medium","Completed"
443,"Unit Testing",8,2,"Medium","Completed"
444,"Deployment",10,1,"Low","Completed"
445,"Dependency Scan",4,2,"Medium","Completed"
446,"Build",10,0,"Low","Completed"
447,"Security Testing",7,3,"High","Completed"
448,"Static Analysis",7,1,"Medium","Completed"
449,"Deployment",9,2,"Low","Completed"
450,"Dependency Scan",5,3,"Low","Completed"
451,"Dependency Scan",7,5,"Low","Completed"
452,"Dependency Scan",2,5,"Medium","Completed"
453,"Security Testing",5,1,"Low","Completed"
454,"Code Commit",7,3,"High","Completed"
455,"Code Commit",8,0,"High","Completed"
456,"Dependency Scan",8,4,"Low","Completed"
457,"Unit Testing",6,5,"Low","Completed"
458,"Unit Testing",2,1,"Medium","Failed"
459,"Build",4,5,"Medium","Completed"
460,"Static Analysis",9,3,"High","Completed"
461,"Static Analysis",2,1,"Low","Completed"
462,"Unit Testing",9,1,"Medium","Completed"
463,"Deployment",8,0,"Low","Failed"
464,"Static Analysis",4,0,"Low","Completed"
465,"Code Commit",2,2,"Low","Completed"
466,"Unit Testing",9,3,"Medium","Completed"
467,"Dependency Scan",9,2,"Low","Completed"
468,"Code Commit",8,1,"Medium","Completed"
469,"Build",10,5,"High","Completed"
470,"Dependency Scan",2,3,"Low","Completed"
471,"Unit Testing",9,2,"Medium","Completed"
472,"Static Analysis",2,0,"Medium","Completed"
473,"Build",7,2,"Medium","Completed"
474,"Build",3,5,"Medium","Completed"
475,"Static Analysis",6,3,"Medium","Completed"
476,"Security Testing",4,0,"Medium","Completed"
477,"Static Analysis",5,2,"High","Completed"
478,"Static Analysis",9,1,"Low","Completed"
479,"Code Commit",7,1,"Medium","Completed"
480,"Dependency Scan",10,3,"Low","Completed"
481,"Deployment",6,4,"Low","Completed"
482,"Security Testing",2,4,"Low","Completed"
483,"Unit Testing",2,5,"Low","Completed"
484,"Dependency Scan",3,4,"Low","Completed"
485,"Dependency Scan",10,4,"Low","Completed"
486,"Dependency Scan",2,3,"Medium","Completed"
487,"Security Testing",3,3,"Low","Completed"
488,"Deployment",10,4,"Low","Completed"
489,"Unit Testing",2,3,"High","Completed"
490,"Unit Testing",3,0,"High","Completed"
491,"Dependency Scan",5,0,"Low","Completed"
492,"Security Testing",9,1,"Medium","Completed"
493,"Security Testing",9,3,"Medium","Completed"
494,"Unit Testing",6,5,"Medium","Completed"
495,"Deployment",10,1,"Medium","Completed"
496,"Static Analysis",2,3,"Medium","Completed"
497,"Dependency Scan",5,5,"Low","Completed"
498,"Security Testing",8,4,"Low","Completed"
499,"Unit Testing",7,4,"Low","Completed"
500,"Static Analysis",3,2,"Low","Failed"
501,"Code Commit",8,1,"Medium","Completed"
502,"Security Testing",4,1,"Medium","Completed"
503,"Dependency Scan",3,4,"Low","Completed"
504,"Unit Testing",2,0,"Low","Completed"
505,"Code Commit",7,1,"Low","Completed"
506,"Code Commit",7,1,"Low","Completed"
507,"Unit Testing",5,2,"Medium","Completed"
508,"Deployment",6,0,"Low","Completed"
509,"Unit Testing",6,5,"Medium","Completed"
510,"Security Testing",9,4,"Medium","Completed"
511,"Build",7,1,"Low","Completed"
512,"Code Commit",8,4,"Low","Completed"
513,"Deployment",4,1,"Low","Completed"
514,"Deployment",2,5,"Low","Completed"
515,"Unit Testing",3,3,"Medium","Completed"
516,"Deployment",6,2,"Low","Completed"
517,"Build",6,4,"High","Completed"
518,"Security Testing",8,3,"Low","Completed"
519,"Security Testing",2,1,"High","Completed"
520,"Deployment",2,0,"Low","Completed"
521,"Deployment",3,5,"Medium","Completed"
522,"Dependency Scan",3,5,"Low","Completed"
523,"Deployment",6,5,"Low","Completed"
524,"Static Analysis",2,2,"Low","Failed"
525,"Build",4,3,"Low","Completed"
526,"Deployment",10,1,"Low","Completed"
527,"Unit Testing",4,2,"Low","Completed"
528,"Unit Testing",3,4,"Low","Completed"
529,"Security Testing",2,0,"Low","Completed"
530,"Code Commit",10,3,"Low","Completed"
531,"Dependency Scan",4,1,"Medium","Completed"
532,"Dependency Scan",3,5,"Low","Completed"
533,"Dependency Scan",10,2,"Medium","Completed"
534,"Security Testing",7,1,"Low","Completed"
535,"Build",7,1,"Low","Completed"
536,"Static Analysis",9,0,"Low","Completed"
537,"Deployment",5,1,"Low","Completed"
538,"Build",3,5,"High","Completed"
539,"Static Analysis",2,4,"Low","Completed"
540,"Code Commit",3,5,"Medium","Completed"
541,"Security Testing",8,5,"Low","Completed"
542,"Security Testing",8,2,"Low","Completed"
543,"Unit Testing",5,4,"Low","Completed"
544,"Deployment",6,0,"Low","Completed"
545,"Security Testing",2,0,"Low","Completed"
546,"Security Testing",10,1,"Medium","Completed"
547,"Security Testing",8,5,"Low","Completed"
548,"Static Analysis",6,5,"Low","Completed"
549,"Static Analysis",8,5,"High","Completed"
550,"Dependency Scan",6,4,"Low","Completed"
551,"Build",3,3,"Low","Completed"
552,"Code Commit",9,1,"Low","Completed"
553,"Deployment",8,3,"Low","Completed"
554,"Dependency Scan",9,3,"Low","Completed"
555,"Deployment",10,3,"Low","Completed"
556,"Dependency Scan",4,0,"Low","Completed"
557,"Static Analysis",7,2,"Low","Completed"
558,"Build",8,1,"Low","Completed"
559,"Code Commit",4,3,"Medium","Completed"
560,"Deployment",9,0,"Medium","Completed"
561,"Security Testing",2,2,"Low","Completed"
562,"Unit Testing",10,1,"Medium","Completed"
563,"Security Testing",7,5,"Low","Completed"
564,"Deployment",10,4,"Low","Completed"
565,"Unit Testing",4,1,"Low","Completed"
566,"Code Commit",4,1,"Low","Completed"
567,"Dependency Scan",7,4,"Low","Completed"
568,"Unit Testing",10,3,"Medium","Completed"
569,"Deployment",10,4,"Low","Completed"
570,"Unit Testing",4,2,"Medium","Completed"
571,"Code Commit",6,3,"High","Completed"
572,"Build",8,4,"Low","Completed"
573,"Dependency Scan",3,2,"Low","Completed"
574,"Deployment",7,2,"Medium","Completed"
575,"Unit Testing",9,1,"Low","Completed"
576,"Static Analysis",6,3,"Low","Completed"
577,"Security Testing",4,1,"Low","Completed"
578,"Deployment",6,3,"Low","Completed"
579,"Security Testing",5,0,"Low","Completed"
580,"Deployment",5,2,"Medium","Completed"
581,"Dependency Scan",8,1,"Medium","Completed"
582,"Static Analysis",2,2,"Low","Failed"
583,"Dependency Scan",3,3,"Low","Completed"
584,"Dependency Scan",6,3,"Medium","Completed"
585,"Code Commit",4,1,"High","Completed"
586,"Deployment",8,5,"Low","Completed"
587,"Build",9,5,"Low","Completed"
588,"Security Testing",6,4,"Medium","Completed"
589,"Unit Testing",8,1,"Low","Completed"
590,"Unit Testing",4,3,"Low","Completed"
591,"Build",7,4,"Low","Completed"
592,"Deployment",9,5,"Low","Completed"
593,"Dependency Scan",7,2,"High","Completed"
594,"Static Analysis",9,1,"Medium","Completed"
595,"Unit Testing",7,4,"Medium","Completed"
596,"Security Testing",4,4,"Low","Completed"
597,"Build",8,2,"Low","Completed"
598,"Static Analysis",2,0,"Low","Completed"
599,"Deployment",7,4,"Low","Completed"
600,"Dependency Scan",6,3,"Low","Completed"
601,"Dependency Scan",3,5,"Low","Completed"
602,"Security Testing",8,2,"Low","Completed"
603,"Code Commit",4,2,"Low","Completed"
604,"Security Testing",4,4,"Low","Completed"
605,"Dependency Scan",5,1,"Medium","Completed"
606,"Static Analysis",2,5,"Low","Completed"
607,"Dependency Scan",7,0,"Low","Completed"
608,"Dependency Scan",6,5,"Low","Completed"
609,"Code Commit",3,4,"Low","Failed"
610,"Security Testing",8,2,"Low","Completed"
611,"Static Analysis",2,4,"Medium","Completed"
612,"Static Analysis",6,2,"High","Completed"
613,"Static Analysis",6,2,"High","Completed"
614,"Unit Testing",9,1,"Low","Failed"
615,"Security Testing",4,5,"Low","Completed"
616,"Code Commit",2,3,"Low","Completed"
617,"Build",5,5,"Low","Completed"
618,"Deployment",9,0,"Medium","Completed"
619,"Build",3,5,"Medium","Completed"
620,"Dependency Scan",5,1,"Low","Completed"
621,"Deployment",9,3,"Low","Completed"
622,"Security Testing",9,3,"Low","Completed"
623,"Dependency Scan",6,1,"Medium","Completed"
624,"Security Testing",7,2,"High","Completed"
625,"Build",8,3,"High","Failed"
626,"Code Commit",10,4,"High","Completed"
627,"Unit Testing",8,2,"Low","Completed"
628,"Static Analysis",5,5,"Low","Completed"
629,"Build",3,5,"Low","Completed"
630,"Deployment",9,5,"High","Completed"
631,"Security Testing",9,5,"Medium","Completed"
632,"Unit Testing",2,5,"Low","Completed"
633,"Security Testing",8,3,"Low","Failed"
634,"Deployment",3,3,"Medium","Completed"
635,"Build",7,4,"Medium","Completed"
636,"Code Commit",5,2,"Low","Completed"
637,"Static Analysis",7,4,"Low","Completed"
638,"Dependency Scan",4,4,"Low","Completed"
639,"Code Commit",7,1,"Medium","Completed"
640,"Code Commit",10,1,"Medium","Completed"
641,"Dependency Scan",9,3,"Low","Completed"
642,"Deployment",10,2,"Low","Completed"
643,"Static Analysis",8,5,"Low","Completed"
644,"Unit Testing",4,0,"Low","Completed"
645,"Build",9,1,"Low","Completed"
646,"Deployment",3,2,"Low","Completed"
647,"Deployment",9,4,"Low","Completed"
648,"Dependency Scan",9,1,"Medium","Completed"
649,"Unit Testing",9,5,"Low","Failed"
650,"Build",3,0,"Low","Completed"
651,"Dependency Scan",2,4,"Medium","Completed"
652,"Deployment",10,5,"Medium","Completed"
653,"Code Commit",6,2,"Low","Completed"
654,"Security Testing",8,4,"Low","Completed"
655,"Build",4,1,"Medium","Completed"
656,"Static Analysis",7,1,"Medium","Completed"
657,"Unit Testing",9,3,"Medium","Completed"
658,"Static Analysis",10,4,"Low","Failed"
659,"Code Commit",4,0,"Medium","Completed"
660,"Deployment",2,4,"Low","Completed"
661,"Build",9,2,"Low","Completed"
662,"Security Testing",8,0,"Low","Completed"
663,"Static Analysis",6,3,"Low","Failed"
664,"Build",4,0,"Low","Completed"
665,"Security Testing",8,0,"Low","Completed"
666,"Code Commit",5,5,"Low","Completed"
667,"Code Commit",10,1,"Medium","Failed"
668,"Security Testing",6,5,"Low","Completed"
669,"Static Analysis",10,2,"Low","Completed"
670,"Security Testing",8,2,"Low","Completed"
671,"Unit Testing",10,3,"Low","Completed"
672,"Static Analysis",10,5,"Medium","Completed"
673,"Deployment",8,2,"Medium","Completed"
674,"Code Commit",5,3,"Low","Completed"
675,"Code Commit",4,0,"Medium","Completed"
676,"Code Commit",10,2,"Medium","Completed"
677,"Unit Testing",3,4,"Low","Completed"
678,"Code Commit",9,2,"Medium","Completed"
679,"Dependency Scan",2,1,"Low","Completed"
680,"Static Analysis",8,1,"Low","Completed"
681,"Code Commit",3,1,"High","Failed"
682,"Code Commit",4,4,"Low","Completed"
683,"Deployment",3,4,"High","Completed"
684,"Deployment",6,0,"Medium","Completed"
685,"Build",9,2,"Low","Failed"
686,"Build",2,5,"Low","Completed"
687,"Unit Testing",2,5,"Low","Failed"
688,"Security Testing",9,4,"Low","Completed"
689,"Unit Testing",3,1,"Low","Completed"
690,"Deployment",9,2,"Low","Completed"
691,"Unit Testing",4,0,"Low","Completed"
692,"Build",5,3,"Low","Completed"
693,"Unit Testing",8,5,"High","Completed"
694,"Code Commit",3,4,"Low","Failed"
695,"Dependency Scan",5,3,"High","Completed"
696,"Build",2,0,"Medium","Completed"
697,"Unit Testing",4,0,"Low","Completed"
698,"Static Analysis",8,1,"Medium","Completed"
699,"Security Testing",9,1,"Low","Completed"
700,"Deployment",4,3,"Medium","Completed"
701,"Code Commit",8,2,"Low","Completed"
702,"Unit Testing",3,4,"Low","Completed"
703,"Deployment",3,1,"High","Completed"
704,"Code Commit",10,3,"Low","Completed"
705,"Deployment",8,3,"Low","Completed"
706,"Dependency Scan",2,2,"Medium","Completed"
707,"Code Commit",3,1,"Low","Completed"
708,"Dependency Scan",10,3,"Low","Completed"
709,"Deployment",10,5,"Medium","Completed"
710,"Dependency Scan",2,5,"Low","Completed"
711,"Deployment",7,2,"Low","Completed"
712,"Deployment",7,4,"Low","Completed"
713,"Static Analysis",10,2,"Medium","Completed"
714,"Dependency Scan",8,4,"Low","Completed"
715,"Security Testing",10,3,"High","Completed"
716,"Deployment",4,1,"Medium","Completed"
717,"Unit Testing",9,4,"Low","Completed"
718,"Static Analysis",7,2,"Low","Completed"
719,"Code Commit",10,2,"High","Completed"
720,"Build",10,5,"Low","Completed"
721,"Dependency Scan",5,0,"Medium","Completed"
722,"Unit Testing",10,2,"Low","Completed"
723,"Build",10,2,"Low","Completed"
724,"Security Testing",6,4,"High","Completed"
725,"Build",2,1,"Medium","Completed"
726,"Security Testing",3,5,"Medium","Completed"
727,"Unit Testing",4,1,"Low","Completed"
728,"Security Testing",6,4,"Low","Completed"
729,"Code Commit",9,2,"Low","Completed"
730,"Code Commit",2,4,"Low","Completed"
731,"Unit Testing",8,2,"Medium","Failed"
732,"Security Testing",6,5,"Low","Completed"
733,"Dependency Scan",8,4,"Low","Completed"
734,"Build",10,2,"High","Completed"
735,"Static Analysis",3,3,"Low","Completed"
736,"Code Commit",7,3,"High","Completed"
737,"Unit Testing",4,2,"Medium","Completed"
738,"Unit Testing",4,0,"High","Completed"
739,"Security Testing",9,3,"Low","Completed"
740,"Unit Testing",8,0,"Low","Completed"
741,"Dependency Scan",3,5,"High","Completed"
742,"Static Analysis",6,2,"Medium","Failed"
743,"Static Analysis",7,5,"High","Completed"
744,"Dependency Scan",4,4,"High","Completed"
745,"Build",2,5,"Medium","Completed"
746,"Security Testing",10,2,"Low","Completed"
747,"Unit Testing",9,3,"Medium","Completed"
748,"Dependency Scan",10,5,"Low","Failed"
749,"Dependency Scan",2,2,"Low","Completed"
750,"Code Commit",9,5,"Medium","Completed"
751,"Deployment",9,0,"Medium","Completed"
752,"Build",9,3,"Medium","Completed"
753,"Build",9,0,"Low","Completed"
754,"Deployment",9,1,"Medium","Completed"
755,"Code Commit",9,1,"Medium","Completed"
756,"Code Commit",3,2,"Low","Completed"
757,"Deployment",3,0,"Low","Completed"
758,"Code Commit",3,2,"Medium","Completed"
759,"Build",4,3,"Medium","Completed"
760,"Build",3,0,"Low","Completed"
761,"Unit Testing",10,2,"Medium","Completed"
762,"Static Analysis",10,3,"Medium","Completed"
763,"Security Testing",8,1,"Medium","Completed"
764,"Static Analysis",6,1,"Low","Completed"
765,"Unit Testing",7,2,"High","Completed"
766,"Static Analysis",3,3,"High","Completed"
767,"Deployment",2,3,"Low","Failed"
768,"Deployment",3,2,"Medium","Completed"
769,"Security Testing",3,0,"Medium","Completed"
770,"Code Commit",6,3,"Low","Completed"
771,"Dependency Scan",9,4,"Low","Completed"
772,"Build",4,1,"Medium","Completed"
773,"Dependency Scan",3,2,"Low","Completed"
774,"Deployment",9,2,"Low","Completed"
775,"Deployment",10,1,"Medium","Completed"
776,"Code Commit",10,4,"High","Completed"
777,"Static Analysis",8,1,"Low","Completed"
778,"Deployment",3,3,"Low","Completed"
779,"Deployment",6,1,"Medium","Completed"
780,"Unit Testing",10,4,"Medium","Completed"
781,"Unit Testing",4,4,"Low","Completed"
782,"Code Commit",10,1,"Low","Failed"
783,"Build",6,1,"Low","Completed"
784,"Code Commit",9,1,"Medium","Failed"
785,"Unit Testing",3,4,"Low","Completed"
786,"Dependency Scan",7,2,"Low","Completed"
787,"Deployment",9,0,"Low","Completed"
788,"Unit Testing",7,4,"Medium","Completed"
789,"Build",7,0,"Low","Completed"
790,"Build",5,0,"Low","Completed"
791,"Security Testing",2,0,"Low","Completed"
792,"Unit Testing",9,1,"Low","Completed"
793,"Dependency Scan",10,2,"Medium","Completed"
794,"Dependency Scan",7,4,"Low","Completed"
795,"Static Analysis",7,3,"Low","Completed"
796,"Build",3,5,"Medium","Completed"
797,"Deployment",10,1,"Low","Completed"
798,"Build",9,3,"Low","Completed"
799,"Code Commit",4,4,"Medium","Completed"
800,"Dependency Scan",4,0,"Medium","Completed"
801,"Static Analysis",10,2,"Medium","Completed"
802,"Deployment",7,4,"Low","Completed"
803,"Dependency Scan",8,0,"Low","Completed"
804,"Unit Testing",8,3,"Low","Failed"
805,"Deployment",6,2,"Medium","Completed"
806,"Static Analysis",10,4,"Low","Completed"
807,"Build",6,4,"Low","Completed"
808,"Dependency Scan",5,2,"Low","Completed"
809,"Dependency Scan",8,5,"Low","Completed"
810,"Static Analysis",4,5,"Low","Completed"
811,"Static Analysis",4,5,"Low","Completed"
812,"Unit Testing",4,0,"Low","Completed"
813,"Static Analysis",8,2,"Low","Completed"
814,"Deployment",6,1,"Low","Completed"
815,"Deployment",7,2,"High","Completed"
816,"Security Testing",3,4,"Low","Completed"
817,"Code Commit",5,4,"Medium","Completed"
818,"Unit Testing",7,1,"Low","Completed"
819,"Code Commit",7,5,"Medium","Completed"
820,"Build",6,1,"Medium","Completed"
821,"Static Analysis",5,1,"Low","Completed"
822,"Build",4,5,"Low","Completed"
823,"Static Analysis",8,5,"Low","Completed"
824,"Static Analysis",7,0,"Medium","Completed"
825,"Deployment",3,2,"Medium","Completed"
826,"Deployment",10,4,"Low","Completed"
827,"Deployment",8,2,"Medium","Completed"
828,"Dependency Scan",9,1,"Low","Completed"
829,"Static Analysis",9,3,"Low","Completed"
830,"Security Testing",7,1,"Medium","Completed"
831,"Security Testing",6,3,"Medium","Completed"
832,"Dependency Scan",10,4,"Medium","Completed"
833,"Deployment",10,5,"Low","Completed"
834,"Dependency Scan",6,0,"Low","Completed"
835,"Code Commit",2,2,"High","Completed"
836,"Deployment",3,4,"Low","Completed"
837,"Code Commit",4,5,"Low","Failed"
838,"Deployment",8,1,"Low","Completed"
839,"Security Testing",7,5,"Medium","Completed"
840,"Build",7,0,"Medium","Completed"
841,"Code Commit",3,2,"Medium","Completed"
842,"Build",2,4,"Low","Completed"
843,"Deployment",4,1,"Low","Completed"
844,"Code Commit",10,2,"Medium","Completed"
845,"Static Analysis",3,0,"Medium","Completed"
846,"Code Commit",9,0,"Low","Completed"
847,"Dependency Scan",9,1,"Low","Completed"
848,"Dependency Scan",10,1,"Low","Completed"
849,"Unit Testing",5,0,"Medium","Completed"
850,"Deployment",5,2,"High","Completed"
851,"Static Analysis",2,1,"Low","Failed"
852,"Unit Testing",3,2,"Medium","Completed"
853,"Dependency Scan",8,0,"Medium","Completed"
854,"Security Testing",9,1,"Low","Completed"
855,"Code Commit",10,2,"Low","Completed"
856,"Dependency Scan",6,5,"Low","Completed"
857,"Unit Testing",6,2,"Medium","Completed"
858,"Static Analysis",7,1,"Medium","Completed"
859,"Security Testing",2,1,"Low","Completed"
860,"Build",6,4,"High","Completed"
861,"Static Analysis",7,2,"Medium","Completed"
862,"Code Commit",6,5,"Low","Completed"
863,"Static Analysis",2,4,"Medium","Completed"
864,"Dependency Scan",6,0,"Low","Completed"
865,"Dependency Scan",9,1,"Medium","Completed"
866,"Static Analysis",9,1,"Low","Completed"
867,"Static Analysis",2,0,"Low","Completed"
868,"Unit Testing",8,5,"Low","Completed"
869,"Build",4,0,"Low","Completed"
870,"Static Analysis",5,2,"Low","Completed"
871,"Dependency Scan",8,3,"Low","Completed"
872,"Security Testing",8,0,"Low","Completed"
873,"Deployment",8,0,"Medium","Completed"
874,"Code Commit",7,5,"Low","Completed"
875,"Security Testing",10,4,"Low","Completed"
876,"Deployment",5,1,"Low","Completed"
877,"Build",10,1,"High","Completed"
878,"Security Testing",4,1,"Low","Completed"
879,"Dependency Scan",4,4,"Medium","Completed"
880,"Static Analysis",9,5,"Low","Completed"
881,"Code Commit",10,4,"Low","Completed"
882,"Deployment",2,3,"Low","Completed"
883,"Deployment",5,0,"Medium","Completed"
884,"Unit Testing",2,3,"Low","Completed"
885,"Unit Testing",6,4,"Low","Completed"
886,"Dependency Scan",10,0,"Low","Failed"
887,"Code Commit",6,0,"Medium","Completed"
888,"Deployment",9,2,"Low","Completed"
889,"Security Testing",5,2,"Medium","Completed"
890,"Security Testing",3,5,"Medium","Completed"
891,"Static Analysis",2,2,"Medium","Completed"
892,"Dependency Scan",4,1,"Low","Completed"
893,"Code Commit",8,3,"Low","Completed"
894,"Code Commit",9,2,"Low","Completed"
895,"Static Analysis",6,1,"Low","Completed"
896,"Static Analysis",3,5,"Low","Completed"
897,"Unit Testing",10,5,"Low","Completed"
898,"Dependency Scan",6,4,"Low","Completed"
899,"Static Analysis",7,1,"Low","Completed"
900,"Static Analysis",7,5,"Low","Completed"
901,"Build",8,2,"Medium","Completed"
902,"Deployment",5,0,"Low","Failed"
903,"Code Commit",7,4,"Low","Completed"
904,"Deployment",7,2,"Medium","Completed"
905,"Dependency Scan",10,0,"Low","Completed"
906,"Deployment",4,3,"Low","Completed"
907,"Deployment",6,3,"High","Completed"
908,"Static Analysis",6,4,"High","Completed"
909,"Static Analysis",10,3,"Medium","Completed"
910,"Unit Testing",7,1,"Low","Completed"
911,"Unit Testing",2,1,"High","Completed"
912,"Unit Testing",4,0,"Medium","Completed"
913,"Build",9,3,"Medium","Completed"
914,"Build",3,5,"Low","Completed"
915,"Unit Testing",4,0,"Low","Completed"
916,"Unit Testing",2,5,"Medium","Completed"
917,"Deployment",8,1,"Low","Completed"
918,"Static Analysis",4,1,"Medium","Completed"
919,"Build",6,1,"Low","Completed"
920,"Static Analysis",9,1,"Medium","Completed"
921,"Static Analysis",10,0,"Medium","Failed"
922,"Unit Testing",2,1,"Medium","Completed"
923,"Security Testing",2,5,"High","Completed"
924,"Build",2,1,"Low","Completed"
925,"Dependency Scan",6,4,"Low","Completed"
926,"Dependency Scan",9,1,"Low","Completed"
927,"Security Testing",6,2,"Low","Completed"
928,"Static Analysis",5,5,"Low","Completed"
929,"Static Analysis",5,4,"Medium","Completed"
930,"Code Commit",6,1,"Medium","Completed"
931,"Dependency Scan",9,3,"Low","Completed"
932,"Build",10,4,"Medium","Failed"
933,"Security Testing",3,5,"High","Completed"
934,"Dependency Scan",9,3,"Low","Completed"
935,"Build",4,0,"Medium","Completed"
936,"Code Commit",4,1,"Low","Failed"
937,"Static Analysis",6,1,"Low","Completed"
938,"Unit Testing",9,3,"Low","Failed"
939,"Dependency Scan",6,3,"Medium","Completed"
940,"Build",8,4,"Medium","Completed"
941,"Security Testing",10,0,"Low","Completed"
942,"Build",9,1,"Medium","Completed"
943,"Build",7,2,"Low","Completed"
944,"Deployment",7,1,"Low","Completed"
945,"Unit Testing",5,4,"Low","Completed"
946,"Dependency Scan",10,1,"Medium","Completed"
947,"Deployment",10,0,"Low","Completed"
948,"Dependency Scan",6,5,"Low","Completed"
949,"Deployment",2,4,"Low","Completed"
950,"Static Analysis",10,4,"Medium","Failed"
951,"Deployment",9,3,"Low","Completed"
952,"Static Analysis",6,3,"Low","Completed"
953,"Deployment",10,5,"Medium","Completed"
954,"Static Analysis",8,3,"Medium","Completed"
955,"Deployment",10,3,"High","Completed"
956,"Static Analysis",6,0,"Low","Completed"
957,"Static Analysis",9,3,"Low","Completed"
958,"Dependency Scan",8,4,"Low","Completed"
959,"Security Testing",4,3,"Medium","Completed"
960,"Code Commit",10,4,"Low","Completed"
961,"Deployment",10,2,"Low","Completed"
962,"Code Commit",6,1,"Low","Completed"
963,"Deployment",3,3,"Medium","Completed"
964,"Security Testing",5,3,"Low","Completed"
965,"Code Commit",5,2,"Medium","Completed"
966,"Code Commit",9,5,"Low","Completed"
967,"Dependency Scan",9,1,"High","Completed"
968,"Code Commit",2,2,"Medium","Completed"
969,"Static Analysis",6,2,"Low","Completed"
970,"Dependency Scan",3,4,"Low","Completed"
971,"Unit Testing",10,4,"Medium","Completed"
972,"Unit Testing",2,3,"Low","Completed"
973,"Dependency Scan",2,1,"Medium","Completed"
974,"Unit Testing",6,1,"Low","Completed"
975,"Static Analysis",8,5,"Medium","Completed"
976,"Security Testing",7,2,"Low","Completed"
977,"Security Testing",2,5,"Low","Completed"
978,"Dependency Scan",7,4,"Medium","Completed"
979,"Unit Testing",5,1,"Medium","Completed"
980,"Deployment",8,1,"Low","Completed"
981,"Dependency Scan",3,1,"Low","Completed"
982,"Security Testing",8,1,"Low","Completed"
983,"Unit Testing",3,1,"Low","Completed"
984,"Build",10,0,"Low","Completed"
985,"Deployment",2,5,"Low","Completed"
986,"Deployment",9,1,"Low","Completed"
987,"Deployment",3,0,"Low","Completed"
988,"Deployment",9,3,"Low","Completed"
989,"Deployment",9,5,"Low","Completed"
990,"Deployment",8,5,"Low","Completed"
991,"Code Commit",5,0,"Medium","Completed"
992,"Build",3,4,"Low","Completed"
993,"Unit Testing",9,5,"High","Completed"
994,"Build",10,0,"Low","Completed"
995,"Code Commit",7,4,"Medium","Completed"
996,"Code Commit",6,3,"Low","Completed"
997,"Security Testing",9,0,"Low","Completed"
998,"Code Commit",5,5,"Low","Completed"
999,"Static Analysis",10,0,"Medium","Completed"
1000,"Static Analysis",4,1,"Low","Completed"
